delimiter //

INSERT ignore INTO `ds_renderer_stylesheet_groups` VALUES 
    (6,'CMS'),
    (5,'CRM'),
    (3,'FOLDMARKS'),
    (4,'FOOT-TABLE'),
    (1,'LETTER-ISO-5008'),
    (2,'POS-TABLE')  
//

INSERT ignore INTO `ds_renderer_stylesheet` VALUES 
    ('address',1),('address_costcenter',1),
    ('debugborder',1),('footerinfoblock',1),
    ('footerinfoblocklabel',1),('footerinfoblockvalue',1),
    ('infoblock',1),('infoblockvalue',1),('page',1),('pagebackground',1),
    ('pagecontent',1),('pageinfo',1),('pagemargins',1),('positiontable',1),
    ('positiontable tr:first-child',1),('positiontable_header',1),('senderaddress',1),
    ('sumtablewrapper',1),
    
    ('anzahl',2),('anzeige_epreis',2),('anzeige_preis',2),('artikel',2),('bemerkung',2),
    ('epreis',2),('gewicht',2),('netto',2),('positiontable_header .header',2),
    ('referenz',2),('steuersatz',2),('sumtext',2),('sumvalue',2),
    ('total .sumtext',2),('total .sumvalue',2),('foldmarks',3),
    ('girocodeblock',4),('girocodeblock-2023',4),('greendelivery',4),('greendelivery-2023',4),
    ('sp001',4),('sp002',4),('sp003',4),('footer_bottom_text',5),('fp-anschreiben-bg',5),
    ('fp-anschreiben-logo',5),('fs7',5),('fs8',5),('page_break',5),('sidemark',5),('bg-dark',6),
    ('bg-image-package',6),('bg-image-stamp',6),('bg-white-o05',6),('btn',6),('btn-blue',6),
    ('btn-green',6),('btn-grey',6),('btn-red',6),('btn-size-large',6),('btn-size-medium',6),('btn-white',6),('btn-yellow',6),('cmspage',6),('fc-black',6),('fc-white',6),('footer-pos',6),('fs-small',6),('fw-bold',6),('header',6),('margin-2',6),('no-decoration',6),('padding-2',6),('reset-border',6),('tr-row:nth-child(even)',6),('tr-row:nth-child(odd)',6),('weekday_0',6),('weekday_6',6) //

INSERT ignore INTO `ds_renderer_stylesheet_attributes` VALUES ('address','font-size','1em',''),('address','font-weight','normal',''),('address','height','27.3mm',''),('address','left','25mm',''),('address','line-height','1.1em',''),('address','overflow','hidden',''),('address','padding-left','0mm',''),('address','padding-top','0mm',''),('address','position','fixed',''),('address','top','17.5mm',''),('address','width','80mm',''),('address_costcenter','font-size','1em',''),('address_costcenter','font-weight','normal',''),('address_costcenter','height','27.3mm',''),('address_costcenter','left','25mm',''),('address_costcenter','line-height','1.1em',''),('address_costcenter','overflow','hidden',''),('address_costcenter','padding-left','0mm',''),('address_costcenter','padding-top','0mm',''),('address_costcenter','position','fixed',''),('address_costcenter','top','55mm',''),('address_costcenter','width','80mm',''),('anzahl','text-align','right',''),('anzahl','width','14mm',''),('anzeige_epreis','text-align','right',''),('anzeige_epreis','width','2cm;',''),('anzeige_preis','text-align','right;',''),('anzeige_preis','width','30mm;',''),('artikel','text-align','left',''),('bemerkung','font-size','0.8em',''),('bg-dark','background-color','#282a2b;',''),('bg-image-package','background-image','url(/images/iStock-1058767914-edit.jpg);',''),('bg-image-package','background-position','center;',''),('bg-image-package','background-repeat','no-repeat;',''),('bg-image-package','background-size','cover;',''),('bg-image-stamp','background-image','url(/images/WD_3363.jpg);',''),('bg-image-stamp','background-position','center;',''),('bg-image-stamp','background-repeat','no-repeat;',''),('bg-image-stamp','background-size','cover;',''),('bg-image-stamp','padding-top','96px;',''),('bg-white-o05','background-color','rgba(255,255,255,0.8);',''),('btn','border','0px;',''),('btn','border-radius','0px;',''),('btn-blue','background-color','blue;',''),('btn-green','background-color','green;',''),('btn-grey','background-color','rgb(210,210,210);',''),('btn-red','background-color','#e30613;',''),('btn-size-large','font-size','14px;',''),('btn-size-large','line-height','17px;',''),('btn-size-large','padding-bottom','13px;',''),('btn-size-large','padding-left','29px;',''),('btn-size-large','padding-right','29px;',''),('btn-size-large','padding-top','13px;',''),('btn-size-medium','border','1px solid white',''),('btn-size-medium','border-radius','4px;',''),('btn-size-medium','font-size','12px;',''),('btn-size-medium','line-height','14px;',''),('btn-size-medium','padding','5px;',''),('btn-white','background-color','white;',''),('btn-yellow','background-color','yellow;',''),('cmspage','font-family','FiraSans',''),('debugborder','border','0px dashed cyan',''),('epreis','text-align','right',''),('epreis','width','2cm',''),('fc-black','color','black;',''),('fc-white','color','white;',''),('foldmarks','border-bottom','0.1mm solid gray',''),('foldmarks','border-top','0.1mm solid gray',''),('foldmarks','font-size','1px',''),('foldmarks','height','105mm',''),('foldmarks','position','fixed',''),('foldmarks','top','52mm',''),('foldmarks','width','10mm',''),('footer-pos','border-bottom','12px;',''),('footer-pos','margin-left','0px;',''),('footer-pos','margin-right','0px;',''),('footer-pos','padding-left','12px;',''),('footer-pos','padding-right','12px;',''),('footer-pos','padding-top','12px;',''),('footer-pos','width','100%',''),('footerinfoblock','width','175mm',''),('footerinfoblocklabel','text-align','right',''),('footerinfoblocklabel','width','20mm',''),('footerinfoblockvalue','text-align','right',''),('footerinfoblockvalue','width','20mm',''),('footer_bottom_text','bottom','1.5cm;',''),('footer_bottom_text','position','absolute;',''),('fp-anschreiben-bg','position','absolute',''),('fp-anschreiben-bg','right','-1cm;',''),('fp-anschreiben-bg','top','-29.5cm;',''),('fp-anschreiben-bg','width','12cm;',''),('fp-anschreiben-logo','position','absolute;',''),('fp-anschreiben-logo','right','0.5cm;',''),('fp-anschreiben-logo','top','-23cm;',''),('fp-anschreiben-logo','width','8cm;',''),('fs-small','font-size','0.8rem;',''),('fs7','font-size','7pt;',''),('fs8','font-size','8pt;',''),('fw-bold','font-weight','bold;',''),('gewicht','text-align','right',''),('girocodeblock','bottom','-25mm',''),('girocodeblock','position','fixed',''),('girocodeblock','right','10mm',''),('girocodeblock-2023','bottom','-30mm',''),('girocodeblock-2023','position','fixed',''),('girocodeblock-2023','right','10mm',''),('greendelivery','bottom','-40mm',''),('greendelivery','height','10mm',''),('greendelivery','position','fixed',''),('greendelivery','right','38mm',''),('greendelivery-2023','bottom','-40mm',''),('greendelivery-2023','height','10mm',''),('greendelivery-2023','position','fixed',''),('greendelivery-2023','right','8mm',''),('header','box-shadow','rgba(0,0,0,.117647) 0 1px 3px;',''),('header','fixed','top;',''),('infoblock','width','100%',''),('infoblockvalue','text-align','right',''),('margin-2','margin','2vw;',''),('netto','text-align','right',''),('netto','width','30mm',''),('no-decoration','text-decoration','none;',''),('padding-2','padding','2vw;',''),('page','font-family','DejaVu Sans','\''),('page','font-size','8pt','\''),('page','margin-bottom','25mm','\''),('page','margin-left','0mm','\''),('page','margin-right','0mm','\''),('page','margin-top','27mm','\''),('page','padding-left','25mm',''),('page','padding-right','10mm',''),('page','padding-top','10mm',''),('pagebackground','bottom','0mm','\''),('pagebackground','left','0mm','\''),('pagebackground','position','fixed','\''),('pagebackground','right','0mm','\''),('pagebackground','top','0mm','\''),('pagebackground','z-index','-1','\''),('pagecontent','border','1px dashed black','\''),('pagecontent','margin-left','25mm','\''),('pagecontent','margin-right','10mm','\''),('pagecontent','margin-top','70.46mm','\''),('pagecontent','position','relative',''),('pageinfo','position','fixed','\''),('pageinfo','right','10mm','\''),('pageinfo','text-align','right',''),('pageinfo','top','-5mm','\''),('pageinfo','width','75mm','\''),('pagemargins','padding-bottom','5mm','\''),('pagemargins','padding-left','25mm','\''),('pagemargins','padding-right','15mm','\''),('pagemargins','padding-top','10mm','\''),('page_break','page-break-before','always;',''),('positiontable','width','100%',''),('positiontable tr:first-child','border-top','0mm solid black',''),('positiontable_header','border-bottom','0.2mm solid black',''),('positiontable_header .header','border-bottom','0.2mm solid black',''),('referenz','text-align','left',''),('referenz','width','3cm;',''),('reset-border','border','0px;',''),('reset-border','border-radius','0px;',''),('senderaddress','font-size','5pt','\''),('senderaddress','left','25mm',''),('senderaddress','position','fixed',''),('senderaddress','top','10mm','\''),('sidemark','border','none;',''),('sidemark','color','#666;',''),('sidemark','position','absolute;',''),('sidemark','right','-1.3cm;',''),('sidemark','top','-17cm;',''),('sidemark','width','6.8cm;',''),('sp001','font-size','7pt',''),('sp001','width','30mm',''),('sp002','font-size','7pt',''),('sp002','vertical-align','top',''),('sp002','width','70mm',''),('sp003','font-size','7pt',''),('sp003','text-align','right',''),('steuersatz','text-align','right',''),('steuersatz','width','10mm',''),('sumtablewrapper','border-top','0.2mm solid black',''),('sumtablewrapper','width','100%',''),('sumtext','text-align','right',''),('sumtext','width','30mm',''),('sumvalue','text-align','right',''),('sumvalue','width','30mm',''),('total .sumtext','border-bottom','0.2mm solid black',''),('total .sumtext','font-weight','bold',''),('total .sumvalue','border-bottom','0.2mm solid black',''),('total .sumvalue','font-weight','bold',''),('tr-row:nth-child(even)','background-color','#fff;',''),('tr-row:nth-child(odd)','background-color','#eee;',''),('weekday_0','display','none',''),('weekday_6','display','none','')  //